title,comment_number,result
‘Really incredible’ sixth-century sword found in Kent,comment #1,0.7072034478187561
‘Really incredible’ sixth-century sword found in Kent,comment #2,0.40092456340789795
‘Really incredible’ sixth-century sword found in Kent,comment #3,0.5463767051696777
‘Really incredible’ sixth-century sword found in Kent,comment #4,0.39717960357666016
‘Really incredible’ sixth-century sword found in Kent,comment #5,0.25044336915016174
‘Really incredible’ sixth-century sword found in Kent,comment #6,0.820098340511322
‘Really incredible’ sixth-century sword found in Kent,comment #7,0.32916194200515747
‘Really incredible’ sixth-century sword found in Kent,comment #8,0.26668429374694824
‘Really incredible’ sixth-century sword found in Kent,comment #9,0.536787211894989
‘Really incredible’ sixth-century sword found in Kent,comment #10,0.2905668020248413
‘Really incredible’ sixth-century sword found in Kent,comment #11,0.46879881620407104
‘Really incredible’ sixth-century sword found in Kent,comment #12,0.613722026348114
‘Really incredible’ sixth-century sword found in Kent,comment #13,0.32936957478523254
‘Really incredible’ sixth-century sword found in Kent,comment #14,0.4018653333187103
‘Really incredible’ sixth-century sword found in Kent,comment #15,0.30992400646209717
‘Really incredible’ sixth-century sword found in Kent,comment #16,0.3366249203681946
‘Really incredible’ sixth-century sword found in Kent,comment #17,0.5687587857246399
‘Really incredible’ sixth-century sword found in Kent,comment #18,0.4680206775665283
‘Really incredible’ sixth-century sword found in Kent,comment #19,0.3489125669002533
‘Really incredible’ sixth-century sword found in Kent,comment #20,0.4617748260498047
‘Really incredible’ sixth-century sword found in Kent,comment #21,0.29000619053840637
‘Really incredible’ sixth-century sword found in Kent,comment #22,0.2846149504184723
"Reynolds told that Yeltsin ""might be worse for wear"" - Ireland 1994",comment #1,0.6659232974052429
"Reynolds told that Yeltsin ""might be worse for wear"" - Ireland 1994",comment #2,0.45864951610565186
"Reynolds told that Yeltsin ""might be worse for wear"" - Ireland 1994",comment #3,0.2639574110507965
An overview of warfare in ancient India to 300 BC,comment #1,0.6387990117073059
An overview of warfare in ancient India to 300 BC,comment #2,0.4143286347389221
An overview of warfare in ancient India to 300 BC,comment #3,0.5090613961219788
"Casaamata, Casanova, Tadini, the First Intraocular Lens, and the Exploding Champagne Bottle",comment #1,0.5468440055847168
"Casaamata, Casanova, Tadini, the First Intraocular Lens, and the Exploding Champagne Bottle",comment #2,0.536787211894989
"Casaamata, Casanova, Tadini, the First Intraocular Lens, and the Exploding Champagne Bottle",comment #3,0.536787211894989
"Casaamata, Casanova, Tadini, the First Intraocular Lens, and the Exploding Champagne Bottle",comment #4,0.536787211894989
"Casaamata, Casanova, Tadini, the First Intraocular Lens, and the Exploding Champagne Bottle",comment #5,0.3164423406124115
The Barbary Pirates ,comment #1,0.6637199521064758
The Barbary Pirates ,comment #2,0.38659903407096863
The Barbary Pirates ,comment #3,0.4176473021507263
The Barbary Pirates ,comment #4,0.6082534193992615
The Barbary Pirates ,comment #5,0.420685350894928
The Barbary Pirates ,comment #6,0.7355616092681885
The Barbary Pirates ,comment #7,0.30732178688049316
The Barbary Pirates ,comment #8,0.39662545919418335
Historical Journey of a Great Ceremonial Imperial Seal and Its Lost Poem,comment #1,0.34390610456466675
Historical Journey of a Great Ceremonial Imperial Seal and Its Lost Poem,comment #2,0.28876349329948425
Historical Journey of a Great Ceremonial Imperial Seal and Its Lost Poem,comment #3,0.4350578188896179
Historical Journey of a Great Ceremonial Imperial Seal and Its Lost Poem,comment #4,0.4302729368209839
Historical Journey of a Great Ceremonial Imperial Seal and Its Lost Poem,comment #5,0.48006299138069153
Historical Journey of a Great Ceremonial Imperial Seal and Its Lost Poem,comment #6,0.5497952699661255
St. Nicholas of Myra,comment #1,0.3639894425868988
Bookclub and Sources Wednesday!,comment #1,0.4347655475139618
Bookclub and Sources Wednesday!,comment #2,0.3480561673641205
Bookclub and Sources Wednesday!,comment #3,0.2727425992488861
Bookclub and Sources Wednesday!,comment #4,0.48067668080329895
Bookclub and Sources Wednesday!,comment #5,0.45816415548324585
Bookclub and Sources Wednesday!,comment #6,0.633807897567749
Bookclub and Sources Wednesday!,comment #7,0.39834582805633545
Bookclub and Sources Wednesday!,comment #8,0.34756091237068176
Bookclub and Sources Wednesday!,comment #9,0.4203665554523468
Bookclub and Sources Wednesday!,comment #10,0.31779441237449646
Bookclub and Sources Wednesday!,comment #11,0.42077815532684326
The North Hollywood Shootout (1997),comment #1,0.3578360676765442
The North Hollywood Shootout (1997),comment #2,0.4478784203529358
The North Hollywood Shootout (1997),comment #3,0.2685667872428894
The North Hollywood Shootout (1997),comment #4,0.4020649194717407
The North Hollywood Shootout (1997),comment #5,0.34494680166244507
The North Hollywood Shootout (1997),comment #6,0.7689251899719238
The North Hollywood Shootout (1997),comment #7,0.3136322498321533
The North Hollywood Shootout (1997),comment #8,0.3290213644504547
The North Hollywood Shootout (1997),comment #9,0.6562067270278931
The North Hollywood Shootout (1997),comment #10,0.276651531457901
The North Hollywood Shootout (1997),comment #11,0.4366265833377838
The North Hollywood Shootout (1997),comment #12,0.3865068554878235
The North Hollywood Shootout (1997),comment #13,0.5033920407295227
The North Hollywood Shootout (1997),comment #14,0.5163044929504395
The North Hollywood Shootout (1997),comment #15,0.37725359201431274
The North Hollywood Shootout (1997),comment #16,0.5573211312294006
The North Hollywood Shootout (1997),comment #17,0.4420362114906311
The North Hollywood Shootout (1997),comment #18,0.5999877452850342
The North Hollywood Shootout (1997),comment #19,0.49064308404922485
The North Hollywood Shootout (1997),comment #20,0.7905802130699158
The North Hollywood Shootout (1997),comment #21,0.4378455579280853
The North Hollywood Shootout (1997),comment #22,0.4396462142467499
The North Hollywood Shootout (1997),comment #23,0.556675910949707
The North Hollywood Shootout (1997),comment #24,0.6990971565246582
The North Hollywood Shootout (1997),comment #25,0.4195057153701782
The North Hollywood Shootout (1997),comment #26,0.5807071328163147
The North Hollywood Shootout (1997),comment #27,0.3868005573749542
The North Hollywood Shootout (1997),comment #28,0.30217278003692627
The North Hollywood Shootout (1997),comment #29,0.3929905593395233
The North Hollywood Shootout (1997),comment #30,0.4009263217449188
The North Hollywood Shootout (1997),comment #31,0.32110142707824707
The North Hollywood Shootout (1997),comment #32,0.2527455985546112
The North Hollywood Shootout (1997),comment #33,0.8338498473167419
The North Hollywood Shootout (1997),comment #34,0.2925091087818146
The North Hollywood Shootout (1997),comment #35,0.8734227418899536
The North Hollywood Shootout (1997),comment #36,0.34246131777763367
The North Hollywood Shootout (1997),comment #37,0.4449363648891449
The North Hollywood Shootout (1997),comment #38,0.6225969195365906
The North Hollywood Shootout (1997),comment #39,0.8807753324508667
The North Hollywood Shootout (1997),comment #40,0.2846149504184723
The North Hollywood Shootout (1997),comment #41,0.8698105812072754
The North Hollywood Shootout (1997),comment #42,0.2632266879081726
The North Hollywood Shootout (1997),comment #43,0.2759413719177246
The North Hollywood Shootout (1997),comment #44,0.7384839057922363
The North Hollywood Shootout (1997),comment #45,0.41974109411239624
The North Hollywood Shootout (1997),comment #46,0.7018019556999207
The North Hollywood Shootout (1997),comment #47,0.2391650229692459
The North Hollywood Shootout (1997),comment #48,0.40040838718414307
The North Hollywood Shootout (1997),comment #49,0.7465789914131165
The North Hollywood Shootout (1997),comment #50,0.47148561477661133
The North Hollywood Shootout (1997),comment #51,0.7637858986854553
The North Hollywood Shootout (1997),comment #52,0.44528669118881226
The North Hollywood Shootout (1997),comment #53,0.7676909565925598
The North Hollywood Shootout (1997),comment #54,0.4609626233577728
The North Hollywood Shootout (1997),comment #55,0.4348849952220917
The North Hollywood Shootout (1997),comment #56,0.5265835523605347
The North Hollywood Shootout (1997),comment #57,0.8759884238243103
The North Hollywood Shootout (1997),comment #58,0.36231139302253723
The North Hollywood Shootout (1997),comment #59,0.5974676609039307
The North Hollywood Shootout (1997),comment #60,0.3607577979564667
The North Hollywood Shootout (1997),comment #61,0.43633824586868286
The North Hollywood Shootout (1997),comment #62,0.3640201985836029
The North Hollywood Shootout (1997),comment #63,0.2580907344818115
The North Hollywood Shootout (1997),comment #64,0.5301470160484314
The North Hollywood Shootout (1997),comment #65,0.3555351793766022
The North Hollywood Shootout (1997),comment #66,0.46558165550231934
The North Hollywood Shootout (1997),comment #67,0.44598719477653503
The North Hollywood Shootout (1997),comment #68,0.37561148405075073
The North Hollywood Shootout (1997),comment #69,0.2689417004585266
The North Hollywood Shootout (1997),comment #70,0.7410340309143066
The North Hollywood Shootout (1997),comment #71,0.4363577961921692
The North Hollywood Shootout (1997),comment #72,0.3084513247013092
The North Hollywood Shootout (1997),comment #73,0.3166762590408325
The North Hollywood Shootout (1997),comment #74,0.30307939648628235
The North Hollywood Shootout (1997),comment #75,0.595801055431366
The North Hollywood Shootout (1997),comment #76,0.5481966733932495
The North Hollywood Shootout (1997),comment #77,0.35243919491767883
The North Hollywood Shootout (1997),comment #78,0.3593079149723053
The North Hollywood Shootout (1997),comment #79,0.3038274347782135
The North Hollywood Shootout (1997),comment #80,0.7740989923477173
The North Hollywood Shootout (1997),comment #81,0.5016763806343079
The North Hollywood Shootout (1997),comment #82,0.578886091709137
The North Hollywood Shootout (1997),comment #83,0.401094526052475
The North Hollywood Shootout (1997),comment #84,0.5586229562759399
The North Hollywood Shootout (1997),comment #85,0.30222874879837036
The North Hollywood Shootout (1997),comment #86,0.6261249780654907
The North Hollywood Shootout (1997),comment #87,0.9596387147903442
The North Hollywood Shootout (1997),comment #88,0.3505456745624542
The North Hollywood Shootout (1997),comment #89,0.3213968276977539
The North Hollywood Shootout (1997),comment #90,0.4443886876106262
The North Hollywood Shootout (1997),comment #91,0.3262903392314911
The North Hollywood Shootout (1997),comment #92,0.6114977598190308
The North Hollywood Shootout (1997),comment #93,0.5413922667503357
The North Hollywood Shootout (1997),comment #94,0.4588547945022583
The North Hollywood Shootout (1997),comment #95,0.3523949384689331
The North Hollywood Shootout (1997),comment #96,0.7625427842140198
The North Hollywood Shootout (1997),comment #97,0.5639997720718384
The North Hollywood Shootout (1997),comment #98,0.5773917436599731
The North Hollywood Shootout (1997),comment #99,0.42958104610443115
The North Hollywood Shootout (1997),comment #100,0.3763747811317444
The North Hollywood Shootout (1997),comment #101,0.2580450177192688
The North Hollywood Shootout (1997),comment #102,0.36905255913734436
The North Hollywood Shootout (1997),comment #103,0.5289650559425354
The North Hollywood Shootout (1997),comment #104,0.6713155508041382
The North Hollywood Shootout (1997),comment #105,0.2547121047973633
The North Hollywood Shootout (1997),comment #106,0.40664610266685486
The North Hollywood Shootout (1997),comment #107,0.4708019495010376
The North Hollywood Shootout (1997),comment #108,0.4898916184902191
The North Hollywood Shootout (1997),comment #109,0.42613962292671204
The North Hollywood Shootout (1997),comment #110,0.3648605942726135
The North Hollywood Shootout (1997),comment #111,0.47372475266456604
The North Hollywood Shootout (1997),comment #112,0.5799064040184021
The North Hollywood Shootout (1997),comment #113,0.7107290625572205
The North Hollywood Shootout (1997),comment #114,0.4722914695739746
The North Hollywood Shootout (1997),comment #115,0.4192395508289337
The North Hollywood Shootout (1997),comment #116,0.2783048450946808
The North Hollywood Shootout (1997),comment #117,0.46121418476104736
The North Hollywood Shootout (1997),comment #118,0.23857784271240234
The North Hollywood Shootout (1997),comment #119,0.6972661018371582
The North Hollywood Shootout (1997),comment #120,0.3830801248550415
The North Hollywood Shootout (1997),comment #121,0.503743588924408
The North Hollywood Shootout (1997),comment #122,0.8876233696937561
The North Hollywood Shootout (1997),comment #123,0.32054030895233154
The North Hollywood Shootout (1997),comment #124,0.7021900415420532
The North Hollywood Shootout (1997),comment #125,0.3887868821620941
The North Hollywood Shootout (1997),comment #126,0.6112582683563232
The North Hollywood Shootout (1997),comment #127,0.4003280699253082
The North Hollywood Shootout (1997),comment #128,0.40938183665275574
The North Hollywood Shootout (1997),comment #129,0.6499341726303101
The North Hollywood Shootout (1997),comment #130,0.3690776228904724
The North Hollywood Shootout (1997),comment #131,0.5411671996116638
The North Hollywood Shootout (1997),comment #132,0.27511537075042725
The North Hollywood Shootout (1997),comment #133,0.4843106269836426
The North Hollywood Shootout (1997),comment #134,0.6350128650665283
The North Hollywood Shootout (1997),comment #135,0.40640878677368164
The North Hollywood Shootout (1997),comment #136,0.32219988107681274
The North Hollywood Shootout (1997),comment #137,0.3829343020915985
The North Hollywood Shootout (1997),comment #138,0.4732489287853241
The North Hollywood Shootout (1997),comment #139,0.3817419111728668
The North Hollywood Shootout (1997),comment #140,0.4808131754398346
The North Hollywood Shootout (1997),comment #141,0.5799146890640259
The North Hollywood Shootout (1997),comment #142,0.4535994529724121
The North Hollywood Shootout (1997),comment #143,0.32635828852653503
The North Hollywood Shootout (1997),comment #144,0.40260303020477295
The North Hollywood Shootout (1997),comment #145,0.536787211894989
The North Hollywood Shootout (1997),comment #146,0.45826905965805054
The North Hollywood Shootout (1997),comment #147,0.6557287573814392
The North Hollywood Shootout (1997),comment #148,0.5636557340621948
The North Hollywood Shootout (1997),comment #149,0.4640169143676758
The North Hollywood Shootout (1997),comment #150,0.36838987469673157
The North Hollywood Shootout (1997),comment #151,0.8553577661514282
The North Hollywood Shootout (1997),comment #152,0.30358749628067017
The North Hollywood Shootout (1997),comment #153,0.488190233707428
The North Hollywood Shootout (1997),comment #154,0.5851072669029236
The North Hollywood Shootout (1997),comment #155,0.8298904895782471
The North Hollywood Shootout (1997),comment #156,0.519837498664856
The North Hollywood Shootout (1997),comment #157,0.4116121232509613
The North Hollywood Shootout (1997),comment #158,0.5799981355667114
The North Hollywood Shootout (1997),comment #159,0.6556317210197449
The North Hollywood Shootout (1997),comment #160,0.338543176651001
The North Hollywood Shootout (1997),comment #161,0.267802357673645
The North Hollywood Shootout (1997),comment #162,0.3405570387840271
The North Hollywood Shootout (1997),comment #163,0.33018410205841064
The North Hollywood Shootout (1997),comment #164,0.7474362254142761
The North Hollywood Shootout (1997),comment #165,0.8061284422874451
The North Hollywood Shootout (1997),comment #166,0.35889387130737305
The North Hollywood Shootout (1997),comment #167,0.5603589415550232
The North Hollywood Shootout (1997),comment #168,0.24240338802337646
The North Hollywood Shootout (1997),comment #169,0.31150978803634644
The North Hollywood Shootout (1997),comment #170,0.5806745290756226
The North Hollywood Shootout (1997),comment #171,0.8280720114707947
The North Hollywood Shootout (1997),comment #172,0.35495805740356445
The North Hollywood Shootout (1997),comment #173,0.49612584710121155
The North Hollywood Shootout (1997),comment #174,0.8439381122589111
The North Hollywood Shootout (1997),comment #175,0.3954191505908966
The North Hollywood Shootout (1997),comment #176,0.6346777677536011
The North Hollywood Shootout (1997),comment #177,0.5925440192222595
The North Hollywood Shootout (1997),comment #178,0.26939141750335693
The North Hollywood Shootout (1997),comment #179,0.6787576675415039
The North Hollywood Shootout (1997),comment #180,0.49295589327812195
The North Hollywood Shootout (1997),comment #181,0.598426103591919
The North Hollywood Shootout (1997),comment #182,0.7232886552810669
The North Hollywood Shootout (1997),comment #183,0.295626699924469
The North Hollywood Shootout (1997),comment #184,0.4764951765537262
The North Hollywood Shootout (1997),comment #185,0.2929624915122986
The North Hollywood Shootout (1997),comment #186,0.5207701921463013
The North Hollywood Shootout (1997),comment #187,0.48982810974121094
The North Hollywood Shootout (1997),comment #188,0.7243572473526001
The North Hollywood Shootout (1997),comment #189,0.6360411643981934
The North Hollywood Shootout (1997),comment #190,0.3712898790836334
The North Hollywood Shootout (1997),comment #191,0.536787211894989
The North Hollywood Shootout (1997),comment #192,0.8384485244750977
The North Hollywood Shootout (1997),comment #193,0.2832527160644531
The North Hollywood Shootout (1997),comment #194,0.6786804795265198
The North Hollywood Shootout (1997),comment #195,0.21587635576725006
The North Hollywood Shootout (1997),comment #196,0.4666045010089874
The North Hollywood Shootout (1997),comment #197,0.8078882098197937
The North Hollywood Shootout (1997),comment #198,0.29551762342453003
The North Hollywood Shootout (1997),comment #199,0.4890713095664978
The North Hollywood Shootout (1997),comment #200,0.5496296286582947
The North Hollywood Shootout (1997),comment #201,0.29105913639068604
The North Hollywood Shootout (1997),comment #202,0.5196959376335144
The North Hollywood Shootout (1997),comment #203,0.7987445592880249
The North Hollywood Shootout (1997),comment #204,0.5890903472900391
The North Hollywood Shootout (1997),comment #205,0.5178338885307312
The North Hollywood Shootout (1997),comment #206,0.3967176675796509
The North Hollywood Shootout (1997),comment #207,0.49479085206985474
The North Hollywood Shootout (1997),comment #208,0.6496885418891907
The North Hollywood Shootout (1997),comment #209,0.3650898039340973
The North Hollywood Shootout (1997),comment #210,0.8077265024185181
The North Hollywood Shootout (1997),comment #211,0.8146566152572632
The North Hollywood Shootout (1997),comment #212,0.5150967240333557
The North Hollywood Shootout (1997),comment #213,0.3028574585914612
The North Hollywood Shootout (1997),comment #214,0.3402478098869324
The North Hollywood Shootout (1997),comment #215,0.2254927158355713
The North Hollywood Shootout (1997),comment #216,0.3268478214740753
The North Hollywood Shootout (1997),comment #217,0.5012550354003906
The North Hollywood Shootout (1997),comment #218,0.7360331416130066
The North Hollywood Shootout (1997),comment #219,0.3981624245643616
The North Hollywood Shootout (1997),comment #220,0.5898742079734802
The North Hollywood Shootout (1997),comment #221,0.39094454050064087
The North Hollywood Shootout (1997),comment #222,0.4487132132053375
The North Hollywood Shootout (1997),comment #223,0.546719491481781
The North Hollywood Shootout (1997),comment #224,0.21739691495895386
The North Hollywood Shootout (1997),comment #225,0.743442952632904
The North Hollywood Shootout (1997),comment #226,0.38575279712677
The North Hollywood Shootout (1997),comment #227,0.45671308040618896
The North Hollywood Shootout (1997),comment #228,0.7795003652572632
The North Hollywood Shootout (1997),comment #229,0.6066329479217529
The North Hollywood Shootout (1997),comment #230,0.3939115107059479
The North Hollywood Shootout (1997),comment #231,0.41420453786849976
The North Hollywood Shootout (1997),comment #232,0.605990469455719
The North Hollywood Shootout (1997),comment #233,0.34699180722236633
The North Hollywood Shootout (1997),comment #234,0.41163963079452515
The North Hollywood Shootout (1997),comment #235,0.5406997799873352
The North Hollywood Shootout (1997),comment #236,0.6601948738098145
The North Hollywood Shootout (1997),comment #237,0.3776451051235199
The North Hollywood Shootout (1997),comment #238,0.6117636561393738
The North Hollywood Shootout (1997),comment #239,0.7466489672660828
The North Hollywood Shootout (1997),comment #240,0.32260942459106445
The North Hollywood Shootout (1997),comment #241,0.5382283926010132
The North Hollywood Shootout (1997),comment #242,0.448579341173172
The North Hollywood Shootout (1997),comment #243,0.24967771768569946
The North Hollywood Shootout (1997),comment #244,0.7800631523132324
