title,comment_number,result,time
I can’t believe I didn’t learn about this in school.,comment #1,0.41960710287094116,2022-08-27 13:18:04
I can’t believe I didn’t learn about this in school.,comment #2,0.8510978817939758,2022-08-27 15:38:08
I can’t believe I didn’t learn about this in school.,comment #3,0.26864662766456604,2022-08-27 12:39:07
I can’t believe I didn’t learn about this in school.,comment #4,0.33166560530662537,2022-08-27 11:36:45
I can’t believe I didn’t learn about this in school.,comment #5,0.6133514046669006,2022-08-27 15:12:11
I can’t believe I didn’t learn about this in school.,comment #6,0.7175071835517883,2022-08-27 12:25:18
I can’t believe I didn’t learn about this in school.,comment #7,0.4217678904533386,2022-08-27 10:25:07
I can’t believe I didn’t learn about this in school.,comment #8,0.40343570709228516,2022-08-27 13:45:08
I can’t believe I didn’t learn about this in school.,comment #9,0.7346563935279846,2022-08-27 12:41:39
I can’t believe I didn’t learn about this in school.,comment #10,0.5915895700454712,2022-08-27 13:05:40
I can’t believe I didn’t learn about this in school.,comment #11,0.2963942885398865,2022-08-27 12:49:57
I can’t believe I didn’t learn about this in school.,comment #12,0.23006808757781982,2022-08-27 12:43:54
I can’t believe I didn’t learn about this in school.,comment #13,0.4355311691761017,2022-08-27 14:24:37
I can’t believe I didn’t learn about this in school.,comment #14,0.7760074734687805,2022-08-27 15:32:39
I can’t believe I didn’t learn about this in school.,comment #15,0.652986466884613,2022-08-27 17:10:08
I can’t believe I didn’t learn about this in school.,comment #16,0.3168996572494507,2022-08-27 13:11:52
I can’t believe I didn’t learn about this in school.,comment #17,0.4653427004814148,2022-08-27 12:54:53
I can’t believe I didn’t learn about this in school.,comment #18,0.2763475477695465,2022-08-27 12:45:21
I can’t believe I didn’t learn about this in school.,comment #19,0.6266306638717651,2022-08-27 12:23:36
I can’t believe I didn’t learn about this in school.,comment #20,0.6629844903945923,2022-08-27 15:53:04
I can’t believe I didn’t learn about this in school.,comment #21,0.4380567967891693,2022-08-27 14:50:36
I can’t believe I didn’t learn about this in school.,comment #22,0.49120014905929565,2022-08-27 15:52:11
I can’t believe I didn’t learn about this in school.,comment #23,0.5682348012924194,2022-08-27 15:54:37
I can’t believe I didn’t learn about this in school.,comment #24,0.2826397120952606,2022-08-30 13:10:44
I can’t believe I didn’t learn about this in school.,comment #25,0.23151180148124695,2022-08-27 14:28:53
I can’t believe I didn’t learn about this in school.,comment #26,0.7239235043525696,2022-08-27 15:36:42
I can’t believe I didn’t learn about this in school.,comment #27,0.536787211894989,2022-08-27 13:26:36
I can’t believe I didn’t learn about this in school.,comment #28,0.5288797616958618,2022-08-27 17:48:14
I can’t believe I didn’t learn about this in school.,comment #29,0.8936164975166321,2022-08-27 13:51:29
I can’t believe I didn’t learn about this in school.,comment #30,0.9291026592254639,2022-08-27 14:50:50
I can’t believe I didn’t learn about this in school.,comment #31,0.48380187153816223,2022-08-27 13:57:22
I can’t believe I didn’t learn about this in school.,comment #32,0.503361701965332,2022-08-27 13:25:14
I can’t believe I didn’t learn about this in school.,comment #33,0.29927027225494385,2022-08-27 14:11:49
I can’t believe I didn’t learn about this in school.,comment #34,0.38929837942123413,2022-08-27 15:08:39
I can’t believe I didn’t learn about this in school.,comment #35,0.5269566178321838,2022-08-27 13:18:33
I can’t believe I didn’t learn about this in school.,comment #36,0.40246590971946716,2022-08-27 11:30:23
I can’t believe I didn’t learn about this in school.,comment #37,0.4696005582809448,2022-08-27 11:47:31
I can’t believe I didn’t learn about this in school.,comment #38,0.6237325072288513,2022-08-27 11:42:14
I can’t believe I didn’t learn about this in school.,comment #39,0.6375534534454346,2022-08-27 13:04:35
I can’t believe I didn’t learn about this in school.,comment #40,0.40980714559555054,2022-08-27 14:46:08
I can’t believe I didn’t learn about this in school.,comment #41,0.6180233955383301,2022-08-27 14:43:28
I can’t believe I didn’t learn about this in school.,comment #42,0.8097628355026245,2022-08-27 13:11:07
I can’t believe I didn’t learn about this in school.,comment #43,0.8797191977500916,2022-08-27 11:41:20
I can’t believe I didn’t learn about this in school.,comment #44,0.44096481800079346,2022-08-27 11:50:57
I can’t believe I didn’t learn about this in school.,comment #45,0.34513774514198303,2022-08-27 12:36:59
I can’t believe I didn’t learn about this in school.,comment #46,0.5261906981468201,2022-08-27 15:10:35
I can’t believe I didn’t learn about this in school.,comment #47,0.441056489944458,2022-08-27 13:11:51
I can’t believe I didn’t learn about this in school.,comment #48,0.42585813999176025,2022-08-27 13:46:26
I can’t believe I didn’t learn about this in school.,comment #49,0.27572789788246155,2022-08-27 14:24:10
I can’t believe I didn’t learn about this in school.,comment #50,0.28902876377105713,2022-08-27 15:13:14
I can’t believe I didn’t learn about this in school.,comment #51,0.5436186790466309,2022-08-27 17:44:04
I can’t believe I didn’t learn about this in school.,comment #52,0.35499048233032227,2022-08-27 13:34:00
I can’t believe I didn’t learn about this in school.,comment #53,0.3813636898994446,2022-08-27 14:00:10
I can’t believe I didn’t learn about this in school.,comment #54,0.23510701954364777,2022-08-27 13:47:43
I can’t believe I didn’t learn about this in school.,comment #55,0.3188689649105072,2022-08-27 14:13:50
I can’t believe I didn’t learn about this in school.,comment #56,0.2846149504184723,2022-08-27 14:52:12
I can’t believe I didn’t learn about this in school.,comment #57,0.45859506726264954,2022-08-27 14:37:21
I can’t believe I didn’t learn about this in school.,comment #58,0.37699761986732483,2022-08-27 16:04:36
I can’t believe I didn’t learn about this in school.,comment #59,0.2951944172382355,2022-08-27 15:04:39
I can’t believe I didn’t learn about this in school.,comment #60,0.43467262387275696,2022-08-27 15:46:27
I can’t believe I didn’t learn about this in school.,comment #61,0.8595625758171082,2022-08-27 14:29:21
I can’t believe I didn’t learn about this in school.,comment #62,0.536787211894989,2022-08-27 13:29:37
I can’t believe I didn’t learn about this in school.,comment #63,0.808869481086731,2022-08-27 16:03:40
I can’t believe I didn’t learn about this in school.,comment #64,0.6166095733642578,2022-08-27 15:30:20
I can’t believe I didn’t learn about this in school.,comment #65,0.4156595766544342,2022-08-27 13:58:11
I can’t believe I didn’t learn about this in school.,comment #66,0.29422450065612793,2022-08-27 11:37:25
I can’t believe I didn’t learn about this in school.,comment #67,0.4359314441680908,2022-08-27 13:56:46
I can’t believe I didn’t learn about this in school.,comment #68,0.3577951192855835,2022-08-27 14:43:10
I can’t believe I didn’t learn about this in school.,comment #69,0.30529746413230896,2022-08-27 11:58:14
I can’t believe I didn’t learn about this in school.,comment #70,0.6501216888427734,2022-08-27 11:59:08
I can’t believe I didn’t learn about this in school.,comment #71,0.5029109120368958,2022-08-27 11:59:36
I can’t believe I didn’t learn about this in school.,comment #72,0.5456206202507019,2022-08-27 11:57:43
I can’t believe I didn’t learn about this in school.,comment #73,0.7262285351753235,2022-08-27 15:08:39
I can’t believe I didn’t learn about this in school.,comment #74,0.46207180619239807,2022-08-27 16:20:13
I can’t believe I didn’t learn about this in school.,comment #75,0.6629586219787598,2022-08-27 14:58:41
I can’t believe I didn’t learn about this in school.,comment #76,0.2577972114086151,2022-08-27 19:13:13
I can’t believe I didn’t learn about this in school.,comment #77,0.29054924845695496,2022-08-27 14:35:23
I can’t believe I didn’t learn about this in school.,comment #78,0.3917016386985779,2022-08-27 12:57:02
I can’t believe I didn’t learn about this in school.,comment #79,0.31542810797691345,2022-08-27 12:37:02
I can’t believe I didn’t learn about this in school.,comment #80,0.34380751848220825,2022-08-27 15:04:22
I can’t believe I didn’t learn about this in school.,comment #81,0.3699518144130707,2022-08-27 16:56:30
I can’t believe I didn’t learn about this in school.,comment #82,0.6673357486724854,2022-08-27 12:37:28
I can’t believe I didn’t learn about this in school.,comment #83,0.5201848745346069,2022-08-27 15:47:32
I can’t believe I didn’t learn about this in school.,comment #84,0.4508339464664459,2022-08-27 15:02:57
I can’t believe I didn’t learn about this in school.,comment #85,0.8421410322189331,2022-08-27 17:41:14
I can’t believe I didn’t learn about this in school.,comment #86,0.5939525365829468,2022-08-27 16:01:52
I can’t believe I didn’t learn about this in school.,comment #87,0.26572108268737793,2022-08-27 14:40:19
I can’t believe I didn’t learn about this in school.,comment #88,0.3101552128791809,2022-08-27 13:27:59
I can’t believe I didn’t learn about this in school.,comment #89,0.3089537024497986,2022-08-27 16:23:08
I can’t believe I didn’t learn about this in school.,comment #90,0.2591824531555176,2022-08-27 15:11:29
I can’t believe I didn’t learn about this in school.,comment #91,0.8141002058982849,2022-08-27 15:06:50
I can’t believe I didn’t learn about this in school.,comment #92,0.45633140206336975,2022-08-27 14:27:15
I can’t believe I didn’t learn about this in school.,comment #93,0.3004435896873474,2022-08-27 18:16:49
I can’t believe I didn’t learn about this in school.,comment #94,0.6899545192718506,2022-08-28 15:10:52
Why Is the United States Hostile to Socialism?,comment #1,0.3391384184360504,2023-11-01 09:28:31
Why Is the United States Hostile to Socialism?,comment #2,0.4494236707687378,2023-11-01 08:45:25
Why Is the United States Hostile to Socialism?,comment #3,0.3979639708995819,2023-11-01 09:09:39
Why Is the United States Hostile to Socialism?,comment #4,0.5866468548774719,2023-11-01 19:11:48
Why Is the United States Hostile to Socialism?,comment #5,0.338387131690979,2023-11-01 08:11:32
Why Is the United States Hostile to Socialism?,comment #6,0.5720521211624146,2023-11-01 09:12:12
Why Is the United States Hostile to Socialism?,comment #7,0.36369141936302185,2023-11-01 08:38:16
Why Is the United States Hostile to Socialism?,comment #8,0.7484297156333923,2023-11-01 09:30:17
Why Is the United States Hostile to Socialism?,comment #9,0.494939386844635,2023-11-01 08:30:05
Why Is the United States Hostile to Socialism?,comment #10,0.8055002689361572,2023-11-01 10:17:36
Why Is the United States Hostile to Socialism?,comment #11,0.5129432082176208,2023-11-01 07:59:26
Why Is the United States Hostile to Socialism?,comment #12,0.536787211894989,2023-11-01 08:37:06
Why Is the United States Hostile to Socialism?,comment #13,0.536787211894989,2023-11-01 08:59:13
Why Is the United States Hostile to Socialism?,comment #14,0.33386990427970886,2023-11-01 15:52:43
Why Is the United States Hostile to Socialism?,comment #15,0.23614196479320526,2023-11-01 09:48:28
Why Is the United States Hostile to Socialism?,comment #16,0.3744540512561798,2023-11-01 09:53:42
Why Is the United States Hostile to Socialism?,comment #17,0.3503210246562958,2023-11-01 09:16:49
Why Is the United States Hostile to Socialism?,comment #18,0.6664523482322693,2023-11-01 19:11:29
Why Is the United States Hostile to Socialism?,comment #19,0.6523157358169556,2023-11-01 09:42:15
Why Is the United States Hostile to Socialism?,comment #20,0.5964836478233337,2023-11-01 10:08:17
Why Is the United States Hostile to Socialism?,comment #21,0.536787211894989,2023-11-01 09:41:30
Why Is the United States Hostile to Socialism?,comment #22,0.4418090879917145,2023-11-01 08:43:24
Why Is the United States Hostile to Socialism?,comment #23,0.2386419177055359,2023-11-01 08:48:18
Why Is the United States Hostile to Socialism?,comment #24,0.6082807183265686,2023-11-01 14:23:14
Why Is the United States Hostile to Socialism?,comment #25,0.37705034017562866,2023-11-01 08:22:04
Why Is the United States Hostile to Socialism?,comment #26,0.793531060218811,2023-11-01 19:25:35
Why Is the United States Hostile to Socialism?,comment #27,0.9003960490226746,2023-11-01 08:04:36
Why Is the United States Hostile to Socialism?,comment #28,0.6741374731063843,2023-11-01 08:17:51
Why Is the United States Hostile to Socialism?,comment #29,0.750676691532135,2023-11-01 08:45:34
Why Is the United States Hostile to Socialism?,comment #30,0.47267767786979675,2023-11-01 10:01:53
Why Is the United States Hostile to Socialism?,comment #31,0.5555393695831299,2023-11-01 14:18:21
Why Is the United States Hostile to Socialism?,comment #32,0.6356576681137085,2023-11-01 12:29:41
Why Is the United States Hostile to Socialism?,comment #33,0.5619210600852966,2023-11-01 09:14:14
Why Is the United States Hostile to Socialism?,comment #34,0.536787211894989,2023-11-01 10:44:56
Why Is the United States Hostile to Socialism?,comment #35,0.7301144003868103,2023-11-01 19:27:02
Why Is the United States Hostile to Socialism?,comment #36,0.7156171798706055,2023-11-01 09:19:45
Why Is the United States Hostile to Socialism?,comment #37,0.27860426902770996,2023-11-01 07:44:20
Why Is the United States Hostile to Socialism?,comment #38,0.4541590213775635,2023-11-01 18:28:45
Why Is the United States Hostile to Socialism?,comment #39,0.35058870911598206,2023-11-01 09:38:27
Why Is the United States Hostile to Socialism?,comment #40,0.536787211894989,2023-11-01 10:40:56
Why Is the United States Hostile to Socialism?,comment #41,0.536787211894989,2023-11-01 12:46:04
Why Is the United States Hostile to Socialism?,comment #42,0.8750454187393188,2023-11-01 16:51:42
Why Is the United States Hostile to Socialism?,comment #43,0.34396111965179443,2023-11-01 18:11:33
Why Is the United States Hostile to Socialism?,comment #44,0.5661593675613403,2023-11-01 18:57:35
Why Is the United States Hostile to Socialism?,comment #45,0.503743588924408,2023-11-01 08:40:08
Why Is the United States Hostile to Socialism?,comment #46,0.3507348299026489,2023-11-01 08:28:15
Why Is the United States Hostile to Socialism?,comment #47,0.32478052377700806,2023-11-01 09:01:15
Why Is the United States Hostile to Socialism?,comment #48,0.5152139663696289,2023-11-01 09:35:43
Why Is the United States Hostile to Socialism?,comment #49,0.536787211894989,2023-11-01 10:25:12
Why Is the United States Hostile to Socialism?,comment #50,0.643197238445282,2023-11-01 11:50:23
Why Is the United States Hostile to Socialism?,comment #51,0.7259200811386108,2023-11-01 16:07:55
Why Is the United States Hostile to Socialism?,comment #52,0.6690487265586853,2023-11-01 17:58:05
Why Is the United States Hostile to Socialism?,comment #53,0.5957906246185303,2023-11-01 09:20:48
Why Is the United States Hostile to Socialism?,comment #54,0.3385496139526367,2023-11-01 09:34:14
Why Is the United States Hostile to Socialism?,comment #55,0.38026466965675354,2023-11-01 10:26:28
Why Is the United States Hostile to Socialism?,comment #56,0.8528799414634705,2023-11-01 14:38:13
Why Is the United States Hostile to Socialism?,comment #57,0.3107668459415436,2023-11-01 14:39:08
Why Is the United States Hostile to Socialism?,comment #58,0.6943001747131348,2023-11-01 15:30:10
Why Is the United States Hostile to Socialism?,comment #59,0.44921308755874634,2023-11-01 18:06:31
Why Is the United States Hostile to Socialism?,comment #60,0.5983050465583801,2023-11-01 18:14:17
Why Is the United States Hostile to Socialism?,comment #61,0.3122226595878601,2023-11-01 18:42:09
Why Is the United States Hostile to Socialism?,comment #62,0.460457980632782,2023-11-01 22:34:47
Why Is the United States Hostile to Socialism?,comment #63,0.4438853859901428,2023-11-01 22:47:34
Why Is the United States Hostile to Socialism?,comment #64,0.24672555923461914,2023-11-01 22:48:59
Why Is the United States Hostile to Socialism?,comment #65,0.32334280014038086,2023-11-01 22:58:40
Why Is the United States Hostile to Socialism?,comment #66,0.2808297276496887,2023-11-01 23:35:25
Why Is the United States Hostile to Socialism?,comment #67,0.5793279409408569,2023-11-02 01:30:15
Why Is the United States Hostile to Socialism?,comment #68,0.44398564100265503,2023-11-02 04:25:26
Why Is the United States Hostile to Socialism?,comment #69,0.8216261863708496,2023-11-02 05:39:09
Why Is the United States Hostile to Socialism?,comment #70,0.22045210003852844,2023-11-02 07:01:46
Why Is the United States Hostile to Socialism?,comment #71,0.8351630568504333,2023-11-02 11:00:55
Why Is the United States Hostile to Socialism?,comment #72,0.35389360785484314,2023-11-02 11:17:55
Why Is the United States Hostile to Socialism?,comment #73,0.2593429982662201,2023-11-02 13:55:55
Why Is the United States Hostile to Socialism?,comment #74,0.7478280663490295,2023-11-02 16:17:33
Why Is the United States Hostile to Socialism?,comment #75,0.3117997348308563,2023-11-02 22:14:04
Why Is the United States Hostile to Socialism?,comment #76,0.2821274995803833,2023-11-02 23:26:36
Why Is the United States Hostile to Socialism?,comment #77,0.6311761736869812,2023-11-03 08:51:12
Why Is the United States Hostile to Socialism?,comment #78,0.3208894729614258,2023-11-03 09:42:01
Why Is the United States Hostile to Socialism?,comment #79,0.5651333928108215,2023-11-04 00:32:33
Why Is the United States Hostile to Socialism?,comment #80,0.5444589257240295,2023-11-04 17:51:28
Why Is the United States Hostile to Socialism?,comment #81,0.5476297736167908,2023-11-05 01:00:33
Why Is the United States Hostile to Socialism?,comment #82,0.6636439561843872,2023-11-05 01:50:54
Why Is the United States Hostile to Socialism?,comment #83,0.6879414916038513,2023-11-05 13:12:23
Why Is the United States Hostile to Socialism?,comment #84,0.6524392366409302,2023-11-05 14:14:04
Why Is the United States Hostile to Socialism?,comment #85,0.4716203808784485,2023-11-15 02:39:29
Why Is the United States Hostile to Socialism?,comment #86,0.6161417961120605,2023-11-22 23:31:55
Why Is the United States Hostile to Socialism?,comment #87,0.44135159254074097,2023-12-12 18:51:28
Why Is the United States Hostile to Socialism?,comment #88,0.7347350120544434,2023-11-01 09:31:07
Why Is the United States Hostile to Socialism?,comment #89,0.536787211894989,2023-11-01 10:34:01
Why Is the United States Hostile to Socialism?,comment #90,0.33845916390419006,2023-11-01 14:53:13
Why Is the United States Hostile to Socialism?,comment #91,0.4632115364074707,2023-11-02 08:42:17
Why Is the United States Hostile to Socialism?,comment #92,0.5821868181228638,2023-11-01 19:59:44
Why Is the United States Hostile to Socialism?,comment #93,0.6571016311645508,2023-11-01 14:55:59
Why Is the United States Hostile to Socialism?,comment #94,0.2540988028049469,2023-11-01 08:26:38
Why Is the United States Hostile to Socialism?,comment #95,0.3664676249027252,2023-11-01 09:26:39
Why Is the United States Hostile to Socialism?,comment #96,0.536787211894989,2023-11-01 08:27:43
Why Is the United States Hostile to Socialism?,comment #97,0.28969913721084595,2023-11-01 17:33:58
Why Is the United States Hostile to Socialism?,comment #98,0.5308515429496765,2023-11-01 09:43:46
Why Is the United States Hostile to Socialism?,comment #99,0.5878171324729919,2023-11-01 09:46:13
Why Is the United States Hostile to Socialism?,comment #100,0.5242677330970764,2023-11-10 23:28:42
Why Is the United States Hostile to Socialism?,comment #101,0.45311805605888367,2023-11-01 09:17:40
Why Is the United States Hostile to Socialism?,comment #102,0.4008738696575165,2023-11-01 10:09:43
Why Is the United States Hostile to Socialism?,comment #103,0.529996931552887,2023-11-01 09:50:20
Why Is the United States Hostile to Socialism?,comment #104,0.7934705018997192,2023-11-01 09:44:00
Why Is the United States Hostile to Socialism?,comment #105,0.2840666174888611,2023-11-02 22:20:40
Why Is the United States Hostile to Socialism?,comment #106,0.8235926032066345,2023-11-01 12:05:28
Why Is the United States Hostile to Socialism?,comment #107,0.2922842800617218,2023-11-01 08:21:05
Why Is the United States Hostile to Socialism?,comment #108,0.3741750121116638,2023-11-01 12:16:54
Why Is the United States Hostile to Socialism?,comment #109,0.6348323822021484,2023-11-01 09:28:31
Why Is the United States Hostile to Socialism?,comment #110,0.41613730788230896,2023-11-01 12:03:16
Why Is the United States Hostile to Socialism?,comment #111,0.5262477993965149,2023-11-01 09:31:04
Why Is the United States Hostile to Socialism?,comment #112,0.4644619822502136,2023-11-01 18:14:36
Why Is the United States Hostile to Socialism?,comment #113,0.7902376651763916,2023-11-01 09:48:09
Why Is the United States Hostile to Socialism?,comment #114,0.2926235795021057,2023-11-01 10:17:33
Why Is the United States Hostile to Socialism?,comment #115,0.4448234438896179,2023-11-01 09:11:26
Why Is the United States Hostile to Socialism?,comment #116,0.5186352729797363,2023-11-01 09:41:52
Why Is the United States Hostile to Socialism?,comment #117,0.23921293020248413,2023-11-01 09:19:32
Why Is the United States Hostile to Socialism?,comment #118,0.4977071285247803,2023-11-01 08:58:30
Why Is the United States Hostile to Socialism?,comment #119,0.5349986553192139,2023-11-01 09:09:18
Why Is the United States Hostile to Socialism?,comment #120,0.44148439168930054,2023-11-01 08:12:05
Why Is the United States Hostile to Socialism?,comment #121,0.4778484106063843,2023-11-01 08:12:04
Why Is the United States Hostile to Socialism?,comment #122,0.6772783994674683,2023-11-01 08:31:34
Why Is the United States Hostile to Socialism?,comment #123,0.7107107639312744,2023-11-01 14:18:32
Why Is the United States Hostile to Socialism?,comment #124,0.4677383303642273,2023-11-01 08:22:37
Why Is the United States Hostile to Socialism?,comment #125,0.7022839188575745,2023-11-01 09:22:44
Why Is the United States Hostile to Socialism?,comment #126,0.6717928647994995,2023-11-01 14:03:53
Why Is the United States Hostile to Socialism?,comment #127,0.39426735043525696,2023-11-01 09:38:23
Why Is the United States Hostile to Socialism?,comment #128,0.3690492808818817,2023-11-01 09:10:47
Why Is the United States Hostile to Socialism?,comment #129,0.3311140537261963,2023-11-01 09:29:54
Why Is the United States Hostile to Socialism?,comment #130,0.536787211894989,2023-11-01 09:48:04
Why Is the United States Hostile to Socialism?,comment #131,0.33051827549934387,2023-11-01 08:23:29
Why Is the United States Hostile to Socialism?,comment #132,0.536787211894989,2023-11-01 10:45:06
Why Is the United States Hostile to Socialism?,comment #133,0.536787211894989,2023-11-01 12:57:32
Why Is the United States Hostile to Socialism?,comment #134,0.24155914783477783,2023-11-01 09:29:16
Why Is the United States Hostile to Socialism?,comment #135,0.503743588924408,2023-11-01 10:07:42
Why Is the United States Hostile to Socialism?,comment #136,0.2986695170402527,2023-11-01 09:48:52
Why Is the United States Hostile to Socialism?,comment #137,0.38391903042793274,2023-11-01 11:18:21
Why Is the United States Hostile to Socialism?,comment #138,0.26669907569885254,2023-11-03 09:52:24
Why Is the United States Hostile to Socialism?,comment #139,0.6123155951499939,2023-11-04 18:32:32
Why Is the United States Hostile to Socialism?,comment #140,0.47631800174713135,2023-11-01 09:42:06
Why Is the United States Hostile to Socialism?,comment #141,0.6016788482666016,2023-11-02 06:08:38
Why Is the United States Hostile to Socialism?,comment #142,0.39373207092285156,2023-11-02 08:35:06
Why Is the United States Hostile to Socialism?,comment #143,0.6578604578971863,2023-11-02 14:04:23
Why Is the United States Hostile to Socialism?,comment #144,0.536787211894989,2023-11-01 11:03:19
Why Is the United States Hostile to Socialism?,comment #145,0.38442909717559814,2023-11-01 23:33:16
Why Is the United States Hostile to Socialism?,comment #146,0.7759652733802795,2023-11-02 11:39:08
Why Is the United States Hostile to Socialism?,comment #147,0.387967586517334,2023-11-01 17:12:52
Why Is the United States Hostile to Socialism?,comment #148,0.35624226927757263,2023-11-01 19:34:18
Why Is the United States Hostile to Socialism?,comment #149,0.5181020498275757,2023-11-02 06:31:33
Why Is the United States Hostile to Socialism?,comment #150,0.3882738947868347,2023-11-01 17:34:50
Why Is the United States Hostile to Socialism?,comment #151,0.2626071870326996,2023-11-01 19:03:02
Why Is the United States Hostile to Socialism?,comment #152,0.6565141081809998,2023-11-03 10:37:47
Why Is the United States Hostile to Socialism?,comment #153,0.30000635981559753,2023-11-01 09:14:16
Why Is the United States Hostile to Socialism?,comment #154,0.503743588924408,2023-11-01 08:57:53
Why Is the United States Hostile to Socialism?,comment #155,0.6826426386833191,2023-11-01 10:48:27
Why Is the United States Hostile to Socialism?,comment #156,0.4053548276424408,2023-11-10 23:23:27
Why Is the United States Hostile to Socialism?,comment #157,0.503743588924408,2023-11-01 11:28:45
Why Is the United States Hostile to Socialism?,comment #158,0.3153970241546631,2023-11-01 11:32:27
Why Is the United States Hostile to Socialism?,comment #159,0.7580323219299316,2023-11-01 10:20:26
Why Is the United States Hostile to Socialism?,comment #160,0.2715825140476227,2023-11-01 11:54:18
Why Is the United States Hostile to Socialism?,comment #161,0.536787211894989,2023-11-01 09:32:19
Why Is the United States Hostile to Socialism?,comment #162,0.536787211894989,2023-11-01 09:27:58
Why Is the United States Hostile to Socialism?,comment #163,0.4951299726963043,2023-11-02 08:07:36
Why Is the United States Hostile to Socialism?,comment #164,0.26810967922210693,2023-11-02 15:00:29
Why Is the United States Hostile to Socialism?,comment #165,0.7451276779174805,2023-11-01 09:52:40
Why Is the United States Hostile to Socialism?,comment #166,0.5762094259262085,2023-11-01 09:49:16
Why Is the United States Hostile to Socialism?,comment #167,0.7197644114494324,2023-11-01 17:38:25
Why Is the United States Hostile to Socialism?,comment #168,0.503743588924408,2023-11-01 08:30:56
Why Is the United States Hostile to Socialism?,comment #169,0.30435410141944885,2023-11-01 08:34:09
Why Is the United States Hostile to Socialism?,comment #170,0.536787211894989,2023-11-01 10:50:56
Why Is the United States Hostile to Socialism?,comment #171,0.39797142148017883,2023-11-01 10:10:09
Why Is the United States Hostile to Socialism?,comment #172,0.536787211894989,2023-11-01 09:34:48
Why Is the United States Hostile to Socialism?,comment #173,0.503743588924408,2023-11-01 10:03:32
Why Is the United States Hostile to Socialism?,comment #174,0.8465108275413513,2023-11-02 08:33:59
Why Is the United States Hostile to Socialism?,comment #175,0.7647424340248108,2023-11-01 11:35:41
Why Is the United States Hostile to Socialism?,comment #176,0.5863157510757446,2023-11-01 10:38:56
Why Is the United States Hostile to Socialism?,comment #177,0.7862656712532043,2023-11-01 10:49:47
Why Is the United States Hostile to Socialism?,comment #178,0.33750084042549133,2023-11-01 11:06:40
Why Is the United States Hostile to Socialism?,comment #179,0.3829203248023987,2023-11-01 10:40:13
Why Is the United States Hostile to Socialism?,comment #180,0.7199583649635315,2023-11-01 11:04:54
Why Is the United States Hostile to Socialism?,comment #181,0.2797366976737976,2023-11-01 08:38:23
Why Is the United States Hostile to Socialism?,comment #182,0.7766729593276978,2023-11-01 08:45:50
Why Is the United States Hostile to Socialism?,comment #183,0.5288044214248657,2023-11-01 08:16:10
Why Is the United States Hostile to Socialism?,comment #184,0.5966760516166687,2023-11-01 08:38:41
Why Is the United States Hostile to Socialism?,comment #185,0.3349509537220001,2023-11-01 08:48:53
Why Is the United States Hostile to Socialism?,comment #186,0.6550169587135315,2023-11-01 09:38:50
Why Is the United States Hostile to Socialism?,comment #187,0.5734366178512573,2023-11-01 10:37:52
Why Is the United States Hostile to Socialism?,comment #188,0.26925864815711975,2023-11-01 09:41:23
Why Is the United States Hostile to Socialism?,comment #189,0.7175368666648865,2023-11-01 09:43:31
Why Is the United States Hostile to Socialism?,comment #190,0.536787211894989,2023-11-01 09:50:01
Why Is the United States Hostile to Socialism?,comment #191,0.536787211894989,2023-11-01 13:07:25
Why Is the United States Hostile to Socialism?,comment #192,0.2759167551994324,2023-11-01 10:35:51
Why Is the United States Hostile to Socialism?,comment #193,0.336273729801178,2023-11-01 10:08:59
Why Is the United States Hostile to Socialism?,comment #194,0.5125488042831421,2023-11-04 21:28:46
Why Is the United States Hostile to Socialism?,comment #195,0.4600604474544525,2023-11-01 09:49:36
Why Is the United States Hostile to Socialism?,comment #196,0.5715270042419434,2023-11-01 09:53:23
Why Is the United States Hostile to Socialism?,comment #197,0.38936105370521545,2023-11-02 18:47:52
Why Is the United States Hostile to Socialism?,comment #198,0.4126802682876587,2023-11-02 16:15:28
Why Is the United States Hostile to Socialism?,comment #199,0.8015979528427124,2023-11-02 16:59:25
Why Is the United States Hostile to Socialism?,comment #200,0.6296680569648743,2023-11-01 09:16:03
Why Is the United States Hostile to Socialism?,comment #201,0.4040166139602661,2023-11-01 10:49:34
Why Is the United States Hostile to Socialism?,comment #202,0.41759419441223145,2023-11-01 09:06:45
Why Is the United States Hostile to Socialism?,comment #203,0.4158918559551239,2023-11-01 17:34:52
Why Is the United States Hostile to Socialism?,comment #204,0.4475069046020508,2023-11-01 12:19:23
Why Is the United States Hostile to Socialism?,comment #205,0.4982612729072571,2023-11-01 15:34:39
Why Is the United States Hostile to Socialism?,comment #206,0.31123849749565125,2023-11-01 10:30:00
Why Is the United States Hostile to Socialism?,comment #207,0.5697309374809265,2023-11-01 09:54:16
Why Is the United States Hostile to Socialism?,comment #208,0.25090065598487854,2023-11-01 11:15:41
Why Is the United States Hostile to Socialism?,comment #209,0.6194273829460144,2023-11-01 11:57:49
Why Is the United States Hostile to Socialism?,comment #210,0.32141825556755066,2023-11-01 08:35:38
Why Is the United States Hostile to Socialism?,comment #211,0.35979869961738586,2023-11-01 10:14:04
Why Is the United States Hostile to Socialism?,comment #212,0.536787211894989,2023-11-01 10:37:28
Why Is the United States Hostile to Socialism?,comment #213,0.5015377402305603,2023-11-01 10:18:56
Why Is the United States Hostile to Socialism?,comment #214,0.4192240536212921,2023-11-02 01:46:31
Why Is the United States Hostile to Socialism?,comment #215,0.536787211894989,2023-11-01 10:09:12
Why Is the United States Hostile to Socialism?,comment #216,0.4932357370853424,2023-11-01 12:08:04
Why Is the United States Hostile to Socialism?,comment #217,0.5043623447418213,2023-11-02 08:37:54
Why Is the United States Hostile to Socialism?,comment #218,0.25898438692092896,2023-11-01 11:48:35
Why Is the United States Hostile to Socialism?,comment #219,0.3695666193962097,2023-11-01 10:40:52
Why Is the United States Hostile to Socialism?,comment #220,0.7235708832740784,2023-11-01 11:20:29
Why Is the United States Hostile to Socialism?,comment #221,0.8775340914726257,2023-11-01 08:21:15
Why Is the United States Hostile to Socialism?,comment #222,0.6961959004402161,2023-11-01 08:26:17
Why Is the United States Hostile to Socialism?,comment #223,0.3359050154685974,2023-11-01 08:41:14
Why Is the United States Hostile to Socialism?,comment #224,0.3561475872993469,2023-11-01 10:42:44
Why Is the United States Hostile to Socialism?,comment #225,0.5998169779777527,2023-11-01 13:14:29
Why Is the United States Hostile to Socialism?,comment #226,0.5857487320899963,2023-11-01 10:08:31
Why Is the United States Hostile to Socialism?,comment #227,0.7225304245948792,2023-11-01 09:45:46
Why Is the United States Hostile to Socialism?,comment #228,0.5629545450210571,2023-11-01 09:58:24
Why Is the United States Hostile to Socialism?,comment #229,0.536787211894989,2023-11-01 09:51:31
Why Is the United States Hostile to Socialism?,comment #230,0.5573695302009583,2023-11-01 10:20:16
Why Is the United States Hostile to Socialism?,comment #231,0.5920500159263611,2023-11-01 19:54:50
Why Is the United States Hostile to Socialism?,comment #232,0.6823040843009949,2023-11-01 10:14:40
Why Is the United States Hostile to Socialism?,comment #233,0.45211556553840637,2023-11-01 20:16:19
Why Is the United States Hostile to Socialism?,comment #234,0.5548547506332397,2023-11-02 08:38:40
Why Is the United States Hostile to Socialism?,comment #235,0.29624122381210327,2023-11-02 16:52:41
Why Is the United States Hostile to Socialism?,comment #236,0.40805867314338684,2023-11-01 10:26:40
Why Is the United States Hostile to Socialism?,comment #237,0.2507633566856384,2023-11-01 10:11:23
Why Is the United States Hostile to Socialism?,comment #238,0.503743588924408,2023-11-01 10:58:38
Why Is the United States Hostile to Socialism?,comment #239,0.536787211894989,2023-11-01 09:19:01
Why Is the United States Hostile to Socialism?,comment #240,0.23505881428718567,2023-11-01 10:32:29
Why Is the United States Hostile to Socialism?,comment #241,0.7243852019309998,2023-11-01 11:17:06
Why Is the United States Hostile to Socialism?,comment #242,0.5375092029571533,2023-11-01 08:46:42
Why Is the United States Hostile to Socialism?,comment #243,0.5013861060142517,2023-11-01 09:06:17
Why Is the United States Hostile to Socialism?,comment #244,0.23380392789840698,2023-11-01 10:38:22
Why Is the United States Hostile to Socialism?,comment #245,0.503743588924408,2023-11-01 11:35:56
Why Is the United States Hostile to Socialism?,comment #246,0.6188650727272034,2023-11-01 12:25:24
Why Is the United States Hostile to Socialism?,comment #247,0.503743588924408,2023-11-01 13:18:40
Why Is the United States Hostile to Socialism?,comment #248,0.6019043326377869,2023-11-02 08:46:47
Why Is the United States Hostile to Socialism?,comment #249,0.4127865135669708,2023-11-01 12:20:53
Why Is the United States Hostile to Socialism?,comment #250,0.40206778049468994,2023-11-01 11:26:54
Why Is the United States Hostile to Socialism?,comment #251,0.30284538865089417,2023-11-01 08:34:54
Why Is the United States Hostile to Socialism?,comment #252,0.6103025078773499,2023-11-01 09:28:54
Why Is the United States Hostile to Socialism?,comment #253,0.4131242632865906,2023-11-01 08:39:06
Why Is the United States Hostile to Socialism?,comment #254,0.5579854846000671,2023-11-01 08:42:46
Why Is the United States Hostile to Socialism?,comment #255,0.779816746711731,2023-11-01 11:44:36
Why Is the United States Hostile to Socialism?,comment #256,0.28520262241363525,2023-11-01 09:53:51
Why Is the United States Hostile to Socialism?,comment #257,0.8389458656311035,2023-11-01 10:13:49
Why Is the United States Hostile to Socialism?,comment #258,0.536787211894989,2023-11-01 09:52:44
Why Is the United States Hostile to Socialism?,comment #259,0.2780114412307739,2023-11-01 10:24:19
Why Is the United States Hostile to Socialism?,comment #260,0.36929842829704285,2023-11-02 14:08:16
Why Is the United States Hostile to Socialism?,comment #261,0.4642738699913025,2023-11-01 10:56:31
Why Is the United States Hostile to Socialism?,comment #262,0.8580799698829651,2023-11-01 19:06:41
Why Is the United States Hostile to Socialism?,comment #263,0.2729319632053375,2023-11-01 21:42:59
Why Is the United States Hostile to Socialism?,comment #264,0.6661797761917114,2023-11-01 10:41:24
Why Is the United States Hostile to Socialism?,comment #265,0.45332545042037964,2023-11-01 10:32:07
Why Is the United States Hostile to Socialism?,comment #266,0.6206667423248291,2023-11-01 11:39:11
Why Is the United States Hostile to Socialism?,comment #267,0.536787211894989,2023-11-01 10:18:15
Why Is the United States Hostile to Socialism?,comment #268,0.536787211894989,2023-11-01 09:48:43
Why Is the United States Hostile to Socialism?,comment #269,0.536787211894989,2023-11-01 09:48:43
Why Is the United States Hostile to Socialism?,comment #270,0.536787211894989,2023-11-01 09:46:12
Why Is the United States Hostile to Socialism?,comment #271,0.7218276262283325,2023-11-01 17:40:49
Why Is the United States Hostile to Socialism?,comment #272,0.6728452444076538,2023-11-01 08:47:37
Why Is the United States Hostile to Socialism?,comment #273,0.6979671120643616,2023-11-01 09:07:31
Why Is the United States Hostile to Socialism?,comment #274,0.3675369322299957,2023-11-01 17:52:16
Why Is the United States Hostile to Socialism?,comment #275,0.536787211894989,2023-11-01 14:41:48
Why Is the United States Hostile to Socialism?,comment #276,0.8139517307281494,2023-11-01 14:45:51
Why Is the United States Hostile to Socialism?,comment #277,0.44139334559440613,2023-11-02 08:48:47
Why Is the United States Hostile to Socialism?,comment #278,0.7631757855415344,2023-11-01 08:53:14
Why Is the United States Hostile to Socialism?,comment #279,0.5552335977554321,2023-11-01 09:34:31
Why Is the United States Hostile to Socialism?,comment #280,0.49411022663116455,2023-11-01 08:47:22
Why Is the United States Hostile to Socialism?,comment #281,0.7389872074127197,2023-11-01 08:56:14
Why Is the United States Hostile to Socialism?,comment #282,0.5602853894233704,2023-11-01 09:57:02
Why Is the United States Hostile to Socialism?,comment #283,0.536787211894989,2023-11-01 10:22:38
Why Is the United States Hostile to Socialism?,comment #284,0.28247278928756714,2023-11-01 10:27:17
Why Is the United States Hostile to Socialism?,comment #285,0.40587955713272095,2023-11-01 21:14:27
Why Is the United States Hostile to Socialism?,comment #286,0.4131280481815338,2023-11-01 11:59:10
Why Is the United States Hostile to Socialism?,comment #287,0.536787211894989,2023-11-01 11:49:38
Why Is the United States Hostile to Socialism?,comment #288,0.761814534664154,2023-11-01 17:48:38
Why Is the United States Hostile to Socialism?,comment #289,0.3483412563800812,2023-11-01 09:19:50
Why Is the United States Hostile to Socialism?,comment #290,0.6943768262863159,2023-11-01 09:41:35
Why Is the United States Hostile to Socialism?,comment #291,0.536787211894989,2023-11-01 17:01:54
Why Is the United States Hostile to Socialism?,comment #292,0.503743588924408,2023-11-01 15:01:58
Why Is the United States Hostile to Socialism?,comment #293,0.5806570053100586,2023-11-02 09:02:57
Why Is the United States Hostile to Socialism?,comment #294,0.5283470153808594,2023-11-01 08:50:05
Why Is the United States Hostile to Socialism?,comment #295,0.701355516910553,2023-11-01 09:03:05
Why Is the United States Hostile to Socialism?,comment #296,0.649543046951294,2023-11-01 11:48:17
Why Is the United States Hostile to Socialism?,comment #297,0.4657784700393677,2023-11-01 10:31:22
Why Is the United States Hostile to Socialism?,comment #298,0.490874320268631,2023-11-01 12:10:01
Why Is the United States Hostile to Socialism?,comment #299,0.536787211894989,2023-11-01 11:50:40
Why Is the United States Hostile to Socialism?,comment #300,0.6010822057723999,2023-11-04 23:28:15
Why Is the United States Hostile to Socialism?,comment #301,0.27954310178756714,2023-11-01 09:23:01
Why Is the United States Hostile to Socialism?,comment #302,0.5704621076583862,2023-11-01 17:08:38
Why Is the United States Hostile to Socialism?,comment #303,0.3754277527332306,2023-11-02 01:54:19
Why Is the United States Hostile to Socialism?,comment #304,0.3346629738807678,2023-11-02 09:03:35
Why Is the United States Hostile to Socialism?,comment #305,0.7479079961776733,2023-11-01 09:02:32
Why Is the United States Hostile to Socialism?,comment #306,0.44286391139030457,2023-11-01 09:21:25
Why Is the United States Hostile to Socialism?,comment #307,0.41787490248680115,2023-11-01 20:26:52
Why Is the United States Hostile to Socialism?,comment #308,0.5308289527893066,2023-11-01 13:48:06
Why Is the United States Hostile to Socialism?,comment #309,0.536787211894989,2023-11-01 12:08:44
Why Is the United States Hostile to Socialism?,comment #310,0.4142148494720459,2023-11-01 10:15:11
Why Is the United States Hostile to Socialism?,comment #311,0.2755798101425171,2023-11-02 09:09:49
Why Is the United States Hostile to Socialism?,comment #312,0.6836338639259338,2023-11-01 09:09:45
Why Is the United States Hostile to Socialism?,comment #313,0.678577721118927,2023-11-01 09:36:09
Why Is the United States Hostile to Socialism?,comment #314,0.4316064417362213,2023-11-01 09:24:32
Why Is the United States Hostile to Socialism?,comment #315,0.503743588924408,2023-11-01 21:02:18
Why Is the United States Hostile to Socialism?,comment #316,0.5857477784156799,2023-11-06 06:50:08
Why Is the United States Hostile to Socialism?,comment #317,0.31147706508636475,2023-11-01 10:19:35
Why Is the United States Hostile to Socialism?,comment #318,0.6340115666389465,2023-11-02 09:21:03
Why Is the United States Hostile to Socialism?,comment #319,0.5314425230026245,2023-11-01 09:29:22
Why Is the United States Hostile to Socialism?,comment #320,0.6953103542327881,2023-11-02 02:07:19
Why Is the United States Hostile to Socialism?,comment #321,0.536787211894989,2023-11-06 12:15:26
Why Is the United States Hostile to Socialism?,comment #322,0.4161343276500702,2023-11-01 09:31:53
Why Is the United States Hostile to Socialism?,comment #323,0.4779685437679291,2023-11-01 09:37:28
Why Is the United States Hostile to Socialism?,comment #324,0.3857002258300781,2023-11-01 09:38:29
Why Is the United States Hostile to Socialism?,comment #325,0.6017705798149109,2023-11-01 09:40:56
Why Is the United States Hostile to Socialism?,comment #326,0.35067516565322876,2023-11-01 09:42:09
Why Is the United States Hostile to Socialism?,comment #327,0.4706035554409027,2023-11-01 09:43:48
Why Is the United States Hostile to Socialism?,comment #328,0.4835711419582367,2023-11-01 09:46:24
Why Is the United States Hostile to Socialism?,comment #329,0.3645510971546173,2023-11-01 09:47:53
Why Is the United States Hostile to Socialism?,comment #330,0.4663954973220825,2023-11-01 09:49:32
Why Is the United States Hostile to Socialism?,comment #331,0.363186776638031,2023-11-01 09:50:32
Why Is the United States Hostile to Socialism?,comment #332,0.32215532660484314,2023-11-01 09:51:41
Why Is the United States Hostile to Socialism?,comment #333,0.4295305609703064,2023-11-01 09:53:37
Why Is the United States Hostile to Socialism?,comment #334,0.5457069277763367,2023-11-01 09:58:07
Why Is the United States Hostile to Socialism?,comment #335,0.46682727336883545,2023-11-01 10:01:04
The signing of the Magna Carta in 1215,comment #1,0.35130953788757324,2022-12-10 19:11:03
The signing of the Magna Carta in 1215,comment #2,0.2650807499885559,2022-12-10 19:00:23
The signing of the Magna Carta in 1215,comment #3,0.7568168044090271,2022-12-10 20:42:09
The signing of the Magna Carta in 1215,comment #4,0.9458688497543335,2022-12-10 21:15:09
The signing of the Magna Carta in 1215,comment #5,0.3925113379955292,2022-12-10 21:38:18
The signing of the Magna Carta in 1215,comment #6,0.6078414916992188,2022-12-10 19:20:46
The signing of the Magna Carta in 1215,comment #7,0.4774974286556244,2022-12-10 20:20:58
The signing of the Magna Carta in 1215,comment #8,0.7023963928222656,2022-12-10 20:07:58
The signing of the Magna Carta in 1215,comment #9,0.9206634163856506,2022-12-10 21:54:20
The signing of the Magna Carta in 1215,comment #10,0.32627248764038086,2022-12-10 20:10:28
The signing of the Magna Carta in 1215,comment #11,0.5953581929206848,2022-12-10 22:08:17
The signing of the Magna Carta in 1215,comment #12,0.26044753193855286,2022-12-10 19:47:05
The signing of the Magna Carta in 1215,comment #13,0.5193288922309875,2022-12-10 21:59:35
The signing of the Magna Carta in 1215,comment #14,0.536787211894989,2022-12-10 19:36:49
The signing of the Magna Carta in 1215,comment #15,0.3574583828449249,2022-12-10 19:49:19
The signing of the Magna Carta in 1215,comment #16,0.47807276248931885,2022-12-10 21:30:25
The signing of the Magna Carta in 1215,comment #17,0.6821942925453186,2022-12-10 20:37:48
The signing of the Magna Carta in 1215,comment #18,0.39648914337158203,2022-12-10 20:17:05
The signing of the Magna Carta in 1215,comment #19,0.536787211894989,2022-12-10 20:12:33
The signing of the Magna Carta in 1215,comment #20,0.3525138199329376,2022-12-10 19:10:32
The signing of the Magna Carta in 1215,comment #21,0.3883957862854004,2022-12-10 19:59:34
The signing of the Magna Carta in 1215,comment #22,0.4077816307544708,2022-12-10 21:10:49
The signing of the Magna Carta in 1215,comment #23,0.4709741473197937,2022-12-10 20:05:03
The signing of the Magna Carta in 1215,comment #24,0.25532102584838867,2022-12-10 20:49:38
The signing of the Magna Carta in 1215,comment #25,0.41588154435157776,2022-12-10 20:11:45
The signing of the Magna Carta in 1215,comment #26,0.293448805809021,2022-12-10 22:11:49
The signing of the Magna Carta in 1215,comment #27,0.2754855751991272,2022-12-10 21:47:02
The signing of the Magna Carta in 1215,comment #28,0.5860056281089783,2022-12-10 21:41:26
The signing of the Magna Carta in 1215,comment #29,0.3111233711242676,2022-12-10 21:18:15
The signing of the Magna Carta in 1215,comment #30,0.36370134353637695,2022-12-10 20:39:16
The signing of the Magna Carta in 1215,comment #31,0.38823801279067993,2022-12-10 21:11:31
The signing of the Magna Carta in 1215,comment #32,0.3659176528453827,2022-12-10 20:07:58
The signing of the Magna Carta in 1215,comment #33,0.36486631631851196,2022-12-10 21:30:09
The signing of the Magna Carta in 1215,comment #34,0.2870311141014099,2022-12-10 21:58:33
The signing of the Magna Carta in 1215,comment #35,0.26410821080207825,2022-12-10 21:05:31
The signing of the Magna Carta in 1215,comment #36,0.29938170313835144,2022-12-10 20:39:50
The Roman Empire's Worst Plagues Were Linked to Climate Change,comment #1,0.4683806300163269,2024-01-31 16:01:59
The Roman Empire's Worst Plagues Were Linked to Climate Change,comment #2,0.43938788771629333,2024-01-31 16:35:59
The Roman Empire's Worst Plagues Were Linked to Climate Change,comment #3,0.536787211894989,2024-01-31 15:50:57
The Roman Empire's Worst Plagues Were Linked to Climate Change,comment #4,0.4611320495605469,2024-01-31 15:21:07
The Roman Empire's Worst Plagues Were Linked to Climate Change,comment #5,0.536787211894989,2024-01-31 17:58:55
The Roman Empire's Worst Plagues Were Linked to Climate Change,comment #6,0.34685707092285156,2024-02-03 14:21:57
The Roman Empire's Worst Plagues Were Linked to Climate Change,comment #7,0.3219352066516876,2024-01-31 16:42:36
The Roman Empire's Worst Plagues Were Linked to Climate Change,comment #8,0.5142723321914673,2024-02-05 11:07:44
The Roman Empire's Worst Plagues Were Linked to Climate Change,comment #9,0.5518524646759033,2024-01-31 15:33:43
The Roman Empire's Worst Plagues Were Linked to Climate Change,comment #10,0.3319941461086273,2024-01-31 16:43:57
The Roman Empire's Worst Plagues Were Linked to Climate Change,comment #11,0.4373752176761627,2024-02-05 12:23:06
The Roman Empire's Worst Plagues Were Linked to Climate Change,comment #12,0.536787211894989,2024-01-31 17:48:56
The Roman Empire's Worst Plagues Were Linked to Climate Change,comment #13,0.48944592475891113,2024-02-01 06:42:36
The Roman Empire's Worst Plagues Were Linked to Climate Change,comment #14,0.536787211894989,2024-01-31 20:56:18
The Roman Empire's Worst Plagues Were Linked to Climate Change,comment #15,0.28998395800590515,2024-02-01 07:27:32
"Yes, but what does the historical documentation say about The Ark of the Covenant?",comment #1,0.30585139989852905,2024-03-28 23:25:47
"Yes, but what does the historical documentation say about The Ark of the Covenant?",comment #2,0.3093758225440979,2024-03-29 00:07:07
"Yes, but what does the historical documentation say about The Ark of the Covenant?",comment #3,0.5075682401657104,2024-03-29 02:09:29
"Yes, but what does the historical documentation say about The Ark of the Covenant?",comment #4,0.3508964478969574,2024-03-29 00:14:01
"Yes, but what does the historical documentation say about The Ark of the Covenant?",comment #5,0.4647792875766754,2024-03-29 01:48:06
"Yes, but what does the historical documentation say about The Ark of the Covenant?",comment #6,0.2374488115310669,2024-03-29 10:27:45
"Yes, but what does the historical documentation say about The Ark of the Covenant?",comment #7,0.4224364161491394,2024-03-29 06:59:10
"Yes, but what does the historical documentation say about The Ark of the Covenant?",comment #8,0.6152807474136353,2024-03-31 04:24:06
"Yes, but what does the historical documentation say about The Ark of the Covenant?",comment #9,0.46494337916374207,2024-03-29 09:52:55
"Yes, but what does the historical documentation say about The Ark of the Covenant?",comment #10,0.35099345445632935,2024-03-29 07:53:15
"Sorry, America's Military Record Is A Lot Worse Than You Think It Is",comment #1,0.3553043007850647,2013-01-07 11:28:42
"Sorry, America's Military Record Is A Lot Worse Than You Think It Is",comment #2,0.7445140480995178,2013-01-07 11:19:24
"Sorry, America's Military Record Is A Lot Worse Than You Think It Is",comment #3,0.8370383381843567,2013-01-07 11:25:00
"Sorry, America's Military Record Is A Lot Worse Than You Think It Is",comment #4,0.5172118544578552,2013-01-07 11:31:32
"Sorry, America's Military Record Is A Lot Worse Than You Think It Is",comment #5,0.5440286993980408,2013-01-08 00:34:43
"Sorry, America's Military Record Is A Lot Worse Than You Think It Is",comment #6,0.7284113764762878,2013-01-07 11:31:10
"Sorry, America's Military Record Is A Lot Worse Than You Think It Is",comment #7,0.4439552426338196,2013-01-07 11:27:09
"Sorry, America's Military Record Is A Lot Worse Than You Think It Is",comment #8,0.6039260029792786,2013-01-07 16:33:26
"Sorry, America's Military Record Is A Lot Worse Than You Think It Is",comment #9,0.7911203503608704,2013-01-07 12:11:21
"Sorry, America's Military Record Is A Lot Worse Than You Think It Is",comment #10,0.27959969639778137,2013-01-07 12:06:47
"Sorry, America's Military Record Is A Lot Worse Than You Think It Is",comment #11,0.6440115571022034,2013-01-08 00:31:27
"Sorry, America's Military Record Is A Lot Worse Than You Think It Is",comment #12,0.37855055928230286,2013-01-07 12:07:15
"Sorry, America's Military Record Is A Lot Worse Than You Think It Is",comment #13,0.5842968821525574,2013-01-07 12:10:41
"Sorry, America's Military Record Is A Lot Worse Than You Think It Is",comment #14,0.3236292004585266,2013-01-07 11:34:05
"Sorry, America's Military Record Is A Lot Worse Than You Think It Is",comment #15,0.7015299201011658,2013-01-07 18:54:23
"Sorry, America's Military Record Is A Lot Worse Than You Think It Is",comment #16,0.29834702610969543,2013-01-07 11:40:54
"Sorry, America's Military Record Is A Lot Worse Than You Think It Is",comment #17,0.735054612159729,2013-01-07 13:57:36
"Sorry, America's Military Record Is A Lot Worse Than You Think It Is",comment #18,0.3017778992652893,2013-01-07 12:22:50
"Sorry, America's Military Record Is A Lot Worse Than You Think It Is",comment #19,0.28482651710510254,2013-01-07 11:37:39
"Sorry, America's Military Record Is A Lot Worse Than You Think It Is",comment #20,0.38082489371299744,2013-01-07 18:37:33
"Sorry, America's Military Record Is A Lot Worse Than You Think It Is",comment #21,0.5281409025192261,2013-01-07 15:04:38
"Sorry, America's Military Record Is A Lot Worse Than You Think It Is",comment #22,0.38877159357070923,2013-01-07 12:40:11
"Sorry, America's Military Record Is A Lot Worse Than You Think It Is",comment #23,0.35159435868263245,2013-01-07 12:19:05
"Sorry, America's Military Record Is A Lot Worse Than You Think It Is",comment #24,0.4498007297515869,2013-01-07 22:10:34
"Sorry, America's Military Record Is A Lot Worse Than You Think It Is",comment #25,0.2869065999984741,2013-01-07 17:50:05
"Sorry, America's Military Record Is A Lot Worse Than You Think It Is",comment #26,0.32312291860580444,2013-01-07 13:37:10
"Sorry, America's Military Record Is A Lot Worse Than You Think It Is",comment #27,0.6105127334594727,2013-01-07 18:41:41
"Sorry, America's Military Record Is A Lot Worse Than You Think It Is",comment #28,0.3947933614253998,2013-01-07 18:38:34
"Sorry, America's Military Record Is A Lot Worse Than You Think It Is",comment #29,0.509789764881134,2013-01-07 15:22:02
"Sorry, America's Military Record Is A Lot Worse Than You Think It Is",comment #30,0.41564682126045227,2013-01-07 18:40:19
"The Aëthnic Union, Urania and abolishing the gender binary",comment #1,0.7436914443969727,2023-11-16 14:26:28
"The Aëthnic Union, Urania and abolishing the gender binary",comment #2,0.3856731951236725,2023-11-15 14:24:35
"The Aëthnic Union, Urania and abolishing the gender binary",comment #3,0.8502609133720398,2023-11-16 14:54:52
Polish archaeologists in Sudan claim 'unique' human settlement discovery. [Claims up to 70k years old],comment #1,0.3857575058937073,2015-07-01 19:30:26
Polish archaeologists in Sudan claim 'unique' human settlement discovery. [Claims up to 70k years old],comment #2,0.2845563590526581,2015-07-02 02:48:30
Polish archaeologists in Sudan claim 'unique' human settlement discovery. [Claims up to 70k years old],comment #3,0.43701601028442383,2015-07-03 07:31:49
Reframing the Thanksgiving Narrative,comment #1,0.235410675406456,2023-11-10 12:39:48
Reframing the Thanksgiving Narrative,comment #2,0.6038514971733093,2023-11-11 17:29:01
Reframing the Thanksgiving Narrative,comment #3,0.573161780834198,2023-11-10 13:57:11
Reframing the Thanksgiving Narrative,comment #4,0.3382699191570282,2023-11-10 13:21:03
Reframing the Thanksgiving Narrative,comment #5,0.37960121035575867,2023-11-10 13:21:23
Reframing the Thanksgiving Narrative,comment #6,0.5237683057785034,2023-11-20 05:53:04
Reframing the Thanksgiving Narrative,comment #7,0.36681970953941345,2023-11-10 15:27:10
Reframing the Thanksgiving Narrative,comment #8,0.2886059880256653,2023-11-10 17:20:57
Reframing the Thanksgiving Narrative,comment #9,0.5219845771789551,2023-11-10 19:12:17
Reframing the Thanksgiving Narrative,comment #10,0.536787211894989,2023-11-10 12:50:43
Reframing the Thanksgiving Narrative,comment #11,0.46823373436927795,2023-12-22 09:21:17
Reframing the Thanksgiving Narrative,comment #12,0.5719762444496155,2023-11-10 19:55:14
Reframing the Thanksgiving Narrative,comment #13,0.354962557554245,2023-11-10 14:39:24
Reframing the Thanksgiving Narrative,comment #14,0.3642343580722809,2023-11-10 14:03:29
Reframing the Thanksgiving Narrative,comment #15,0.4041338562965393,2023-12-01 21:20:23
Reframing the Thanksgiving Narrative,comment #16,0.35635098814964294,2023-11-10 17:01:03
Reframing the Thanksgiving Narrative,comment #17,0.33937281370162964,2023-11-10 18:24:26
Reframing the Thanksgiving Narrative,comment #18,0.536787211894989,2023-11-10 13:01:06
Reframing the Thanksgiving Narrative,comment #19,0.29052647948265076,2023-11-10 20:06:34
Reframing the Thanksgiving Narrative,comment #20,0.4301259517669678,2023-11-10 17:44:45
Reframing the Thanksgiving Narrative,comment #21,0.518578290939331,2023-11-19 23:45:43
Reframing the Thanksgiving Narrative,comment #22,0.42411187291145325,2023-11-10 22:59:57
Reframing the Thanksgiving Narrative,comment #23,0.2786303758621216,2023-11-15 13:31:10
Reframing the Thanksgiving Narrative,comment #24,0.34027501940727234,2023-11-11 16:53:00
Reframing the Thanksgiving Narrative,comment #25,0.4206154942512512,2023-11-11 16:53:01
